Name;Breitengrad;Laengengrad
Chorin;52.895652;13.884780
Bad Freienwalde;52.785091;14.042802
Erkner;52.383205;13.781284
Hermsdorfer;52.1658019;13.768246
