Name;Breitengrad;Laengengrad
Mirow;53.27717;12.80828
Serrahn;53.34412;13.202343
Gleuner Bruecke;53.125656;13.52938
