Name;Breitengrad;Laengengrad
Lindenbrueck;52.130094;13.497415
TUEPL Jueterbog;52.035255;12.943075
Raedigke;52.053499;12.617611
Lindau;52.037593;12.099226
