Name;Breitengrad;Laengengrad
Stralsund;54.30467;13.102857
Grenztalmoor;54.096.175;12.740701
Guestrow;53.784150;12.187784
Plauer See;53.5264;12.303366
