Name;Breitengrad;Laengengrad
Waldhalle;54.53636;13.674372
Wreechensee	5.432832;13.462928
Stralsund	5.430467;13.102858
